{"cameraMode":{"drawMode":0,"name":"Shaded","section":"Shading Mode"},"sceneLighting":false,"audioPlay":false,"sceneViewState":{"m_AlwaysRefresh":false,"showFog":true,"showSkybox":false,"showFlares":true,"showImageEffects":true,"showParticleSystems":true,"showVisualEffectGraphs":true,"m_FxEnabled":true},"in2DMode":false,"pivot":{"x":-1.7335978746414185,"y":0.9494925737380981,"z":-0.31956666707992556},"rotation":{"x":0.1258510947227478,"y":0.6954637169837952,"z":-0.12570159137248994,"w":0.6963241696357727},"size":0.02789660543203354,"orthographic":false}