{"cameraMode":{"drawMode":0,"name":"Shaded","section":"Shading Mode"},"sceneLighting":false,"audioPlay":false,"sceneViewState":{"m_AlwaysRefresh":false,"showFog":true,"showSkybox":false,"showFlares":true,"showImageEffects":true,"showParticleSystems":true,"showVisualEffectGraphs":true,"m_FxEnabled":true},"in2DMode":false,"pivot":{"x":-0.40610215067863467,"y":-0.05554788559675217,"z":-0.12004447728395462},"rotation":{"x":0.03218457102775574,"y":-0.9522074460983276,"z":0.1078830137848854,"w":0.2842313349246979},"size":0.631251335144043,"orthographic":false}