{"cameraMode":{"drawMode":0,"name":"Shaded","section":"Shading Mode"},"sceneLighting":false,"audioPlay":false,"sceneViewState":{"m_AlwaysRefresh":false,"showFog":true,"showSkybox":false,"showFlares":true,"showImageEffects":true,"showParticleSystems":true,"showVisualEffectGraphs":true,"m_FxEnabled":true},"in2DMode":false,"pivot":{"x":-0.03127750754356384,"y":0.02228204905986786,"z":0.04514261707663536},"rotation":{"x":0.13850364089012147,"y":-0.65862637758255,"z":0.1252281367778778,"w":0.7290355563163757},"size":0.23407329618930818,"orthographic":false}