{"cameraMode":{"drawMode":0,"name":"Shaded","section":"Shading Mode"},"sceneLighting":false,"audioPlay":false,"sceneViewState":{"m_AlwaysRefresh":false,"showFog":true,"showSkybox":false,"showFlares":true,"showImageEffects":true,"showParticleSystems":true,"showVisualEffectGraphs":true,"m_FxEnabled":true},"in2DMode":false,"pivot":{"x":0.0059037599712610249,"y":-0.006300000473856926,"z":0.01029497291892767},"rotation":{"x":0.1258510947227478,"y":0.6954637169837952,"z":-0.12570159137248994,"w":0.6963241696357727},"size":0.871468722820282,"orthographic":false}