{"cameraMode":{"drawMode":0,"name":"Shaded","section":"Shading Mode"},"sceneLighting":false,"audioPlay":false,"sceneViewState":{"m_AlwaysRefresh":false,"showFog":true,"showSkybox":false,"showFlares":true,"showImageEffects":true,"showParticleSystems":true,"showVisualEffectGraphs":true,"m_FxEnabled":true},"in2DMode":false,"pivot":{"x":-0.5927260518074036,"y":0.4665969908237457,"z":-0.08804406970739365},"rotation":{"x":-0.0730915516614914,"y":-0.7147549986839294,"z":0.07555850595235825,"w":-0.6915639638900757},"size":6.9080986976623539,"orthographic":false}