{"cameraMode":{"drawMode":0,"name":"Shaded","section":"Shading Mode"},"sceneLighting":false,"audioPlay":false,"sceneViewState":{"m_AlwaysRefresh":false,"showFog":true,"showSkybox":false,"showFlares":true,"showImageEffects":true,"showParticleSystems":true,"showVisualEffectGraphs":true,"m_FxEnabled":true},"in2DMode":false,"pivot":{"x":0.6529005765914917,"y":0.29361990094184878,"z":-1.0830904245376588},"rotation":{"x":0.04375426098704338,"y":-0.42204809188842776,"z":0.020445700734853746,"w":0.9053662419319153},"size":0.7595804929733276,"orthographic":false}