{"cameraMode":{"drawMode":0,"name":"Shaded","section":"Shading Mode"},"sceneLighting":false,"audioPlay":false,"sceneViewState":{"m_AlwaysRefresh":false,"showFog":true,"showSkybox":false,"showFlares":true,"showImageEffects":true,"showParticleSystems":true,"showVisualEffectGraphs":true,"m_FxEnabled":true},"in2DMode":false,"pivot":{"x":0.06455652415752411,"y":0.15399040281772614,"z":0.2125878781080246},"rotation":{"x":0.14373581111431123,"y":-0.033851124346256259,"z":0.0049540139734745029,"w":0.9890991449356079},"size":0.7595804929733276,"orthographic":false}