{"cameraMode":{"drawMode":0,"name":"Shaded","section":"Shading Mode"},"sceneLighting":false,"audioPlay":false,"sceneViewState":{"m_AlwaysRefresh":false,"showFog":true,"showSkybox":false,"showFlares":true,"showImageEffects":true,"showParticleSystems":true,"showVisualEffectGraphs":true,"m_FxEnabled":true},"in2DMode":false,"pivot":{"x":-1.2637202739715577,"y":-0.29459118843078616,"z":0.005616811104118824},"rotation":{"x":0.09887717664241791,"y":-0.6900478005409241,"z":0.09609748423099518,"w":0.710623025894165},"size":0.791037917137146,"orthographic":false}