{"cameraMode":{"drawMode":0,"name":"Shaded","section":"Shading Mode"},"sceneLighting":false,"audioPlay":false,"sceneViewState":{"m_AlwaysRefresh":false,"showFog":true,"showSkybox":false,"showFlares":true,"showImageEffects":true,"showParticleSystems":true,"showVisualEffectGraphs":true,"m_FxEnabled":true},"in2DMode":false,"pivot":{"x":-0.07159209251403809,"y":0.08097462356090546,"z":-0.1732974350452423},"rotation":{"x":0.04043047875165939,"y":0.8190823793411255,"z":-0.05806930363178253,"w":0.5694457292556763},"size":0.9204692244529724,"orthographic":false}