{"cameraMode":{"drawMode":0,"name":"Shaded","section":"Shading Mode"},"sceneLighting":false,"audioPlay":false,"sceneViewState":{"m_AlwaysRefresh":false,"showFog":true,"showSkybox":false,"showFlares":true,"showImageEffects":true,"showParticleSystems":true,"showVisualEffectGraphs":true,"m_FxEnabled":true},"in2DMode":false,"pivot":{"x":0.12641394138336183,"y":0.42440301179885867,"z":-0.20146965980529786},"rotation":{"x":0.12915082275867463,"y":-0.7044611573219299,"z":0.13280723989009858,"w":0.6852574944496155},"size":1.241621732711792,"orthographic":false}