{"cameraMode":{"drawMode":0,"name":"Shaded","section":"Shading Mode"},"sceneLighting":false,"audioPlay":false,"sceneViewState":{"m_AlwaysRefresh":false,"showFog":true,"showSkybox":false,"showFlares":true,"showImageEffects":true,"showParticleSystems":true,"showVisualEffectGraphs":true,"m_FxEnabled":true},"in2DMode":false,"pivot":{"x":-1.5642043352127076,"y":1.0417677164077759,"z":-0.5402788519859314},"rotation":{"x":0.13750232756137849,"y":0.7021847367286682,"z":-0.1411181092262268,"w":0.6843222975730896},"size":0.10890687257051468,"orthographic":false}