{"cameraMode":{"drawMode":0,"name":"Shaded","section":"Shading Mode"},"sceneLighting":false,"audioPlay":false,"sceneViewState":{"m_AlwaysRefresh":false,"showFog":true,"showSkybox":false,"showFlares":true,"showImageEffects":true,"showParticleSystems":true,"showVisualEffectGraphs":true,"m_FxEnabled":true},"in2DMode":false,"pivot":{"x":1.8700919151306153,"y":0.40995991230010989,"z":-0.9130731821060181},"rotation":{"x":0.09582839906215668,"y":-0.6894111037254334,"z":0.09283750504255295,"w":0.7120947241783142},"size":0.17945675551891328,"orthographic":false}