{"cameraMode":{"drawMode":0,"name":"Shaded","section":"Shading Mode"},"sceneLighting":false,"audioPlay":false,"sceneViewState":{"m_AlwaysRefresh":false,"showFog":true,"showSkybox":false,"showFlares":true,"showImageEffects":true,"showParticleSystems":true,"showVisualEffectGraphs":true,"m_FxEnabled":true},"in2DMode":false,"pivot":{"x":-0.08049055188894272,"y":-0.16891814768314362,"z":0.21309611201286317},"rotation":{"x":0.15024615824222566,"y":0.2594977915287018,"z":-0.04080021381378174,"w":0.9531915783882141},"size":0.5483297109603882,"orthographic":false}