{"cameraMode":{"drawMode":0,"name":"Shaded","section":"Shading Mode"},"sceneLighting":false,"audioPlay":false,"sceneViewState":{"m_AlwaysRefresh":false,"showFog":true,"showSkybox":false,"showFlares":true,"showImageEffects":true,"showParticleSystems":true,"showVisualEffectGraphs":true,"m_FxEnabled":true},"in2DMode":false,"pivot":{"x":0.0788416862487793,"y":0.29863160848617556,"z":-0.005575910210609436},"rotation":{"x":0.07433251291513443,"y":0.7131785750389099,"z":-0.076432004570961,"w":0.6929483413696289},"size":1.8645857572555543,"orthographic":false}