{"cameraMode":{"drawMode":0,"name":"Shaded","section":"Shading Mode"},"sceneLighting":false,"audioPlay":false,"sceneViewState":{"m_AlwaysRefresh":false,"showFog":true,"showSkybox":false,"showFlares":true,"showImageEffects":true,"showParticleSystems":true,"showVisualEffectGraphs":true,"m_FxEnabled":true},"in2DMode":false,"pivot":{"x":-0.14123325049877168,"y":-0.08089629560709,"z":0.050533220171928409},"rotation":{"x":-0.11573062837123871,"y":0.6679988503456116,"z":-0.10634764283895493,"w":-0.727518618106842},"size":1.3028594255447388,"orthographic":false}