{"cameraMode":{"drawMode":0,"name":"Shaded","section":"Shading Mode"},"sceneLighting":false,"audioPlay":false,"sceneViewState":{"m_AlwaysRefresh":false,"showFog":true,"showSkybox":false,"showFlares":true,"showImageEffects":true,"showParticleSystems":true,"showVisualEffectGraphs":true,"m_FxEnabled":true},"in2DMode":false,"pivot":{"x":-0.5851027369499207,"y":-0.6505987644195557,"z":-0.2510152757167816},"rotation":{"x":0.15293587744235993,"y":-0.6756203770637512,"z":0.14639975130558015,"w":0.7063014507293701},"size":1.4686765670776368,"orthographic":false}