{"cameraMode":{"drawMode":0,"name":"Shaded","section":"Shading Mode"},"sceneLighting":true,"audioPlay":false,"sceneViewState":{"m_AlwaysRefresh":false,"showFog":true,"showSkybox":true,"showFlares":true,"showImageEffects":true,"showParticleSystems":true,"showVisualEffectGraphs":true,"m_FxEnabled":true},"in2DMode":false,"pivot":{"x":2.892197608947754,"y":-0.1749008744955063,"z":-1.4058607816696168},"rotation":{"x":-0.11622019112110138,"y":0.19561444222927094,"z":-0.023365002125501634,"w":-0.9736109375953674},"size":3.2891359329223635,"orthographic":false}