{"cameraMode":{"drawMode":0,"name":"Shaded","section":"Shading Mode"},"sceneLighting":false,"audioPlay":false,"sceneViewState":{"m_AlwaysRefresh":false,"showFog":true,"showSkybox":false,"showFlares":true,"showImageEffects":true,"showParticleSystems":true,"showVisualEffectGraphs":true,"m_FxEnabled":true},"in2DMode":false,"pivot":{"x":0.6197682619094849,"y":0.33869725465774538,"z":0.47931239008903506},"rotation":{"x":0.07025079429149628,"y":-0.7121773362159729,"z":0.07207467406988144,"w":0.694852352142334},"size":0.5196152329444885,"orthographic":false}