{"cameraMode":{"drawMode":0,"name":"Shaded","section":"Shading Mode"},"sceneLighting":false,"audioPlay":false,"sceneViewState":{"m_AlwaysRefresh":false,"showFog":true,"showSkybox":false,"showFlares":true,"showImageEffects":true,"showParticleSystems":true,"showVisualEffectGraphs":true,"m_FxEnabled":true},"in2DMode":false,"pivot":{"x":0.08285903185606003,"y":0.0362103134393692,"z":0.20135754346847535},"rotation":{"x":0.22697775065898896,"y":-0.3401571214199066,"z":0.0850558802485466,"w":0.9086732268333435},"size":0.6538934707641602,"orthographic":false}